English,Malay
abandon,meninggalkan
ability,keupayaan
able,mampu
abortion,pengguguran
about,kira-kira
abroad,di luar negara
absence,ketiadaan
absolute,mutlak
absolutely,sama sekali
absorb,menyerap
abuse,penyalahgunaan
academic,akademik
accept,menerima
access,akses
accident,kemalangan
accompany,menemani
accomplish,dicapai
according,Menurut
account,akaun
accurate,tepat
accuse,menuduh
achieve,mencapai
achievement,pencapaian
acid,asid
acknowledge,mengakui
acquire,memperoleh
across,di seluruh
act,bertindak
action,tindakan
activist,aktivis
activity,aktiviti
actor,pelakon
actress,pelakon
actual,sebenarnya
actually,sebenarnya
ad,iklan
adapt,menyesuaikan
add,Tambah
addition,tambahan
additional,tambahan
address,alamat
adjust,melaraskan
adjustment,pelarasan
administration,Pentadbiran
administrator,pentadbir
admire,mengagumi
admission,kemasukan
admit,mengaku
adolescent,remaja
adopt,menerima pakai
adult,dewasa
advance,maju
advanced,maju
advantage,Kelebihan
adventure,pengembaraan
advertising,mengiklankan
advice,nasihat
advise,Nasihatkan
adviser,penasihat
advocate,Peguambela
affair,urusan
affect,menjejaskan
afford,mampu
African,Afrika
after,selepasnya.
afternoon,petang
again,sekali lagi
against,terhadap
age,umur
agency,agensi
agenda,agenda
agent,ejen
aggressive,agresif
ago,yang lalu
agree,bersetuju
agreement,perjanjian
agricultural,pertanian.
ah,ah.
ahead,di hadapan
aid,bantuan
aide,Aide
AIDS,bantuan
aim,tujuan
air,Air
aircraft,kapal terbang
airline,Syarikat Penerbangan
airport,lapangan terbang
album,album.
alcohol,alkohol
alive,hidup
all,semua
alliance,Perikatan
allow,membenarkan
ally,sekutu
almost,hampir
alone,sahaja
along,bersama
already,sudah
also,Juga
alter,diubah
alternative,alternatif
although,walaupun
always,sentiasa
AM,Kediamanan
amazing,luar biasa
among,antara
amount,jumlahnya
analysis,analisis
analyst,penganalisis
analyze,menganalisis
ancient,purba
and,dan
anger,kemarahan
angle,sudut
angry,marah
animal,haiwan
anniversary,ulang tahun
announce,mengumumkan
annual,tahunan
another,yang lain
answer,Jawapan
anticipate,menjangka
anxiety,kebimbangan
any,mana-mana
anybody,sesiapa sahaja
anymore,lagi
anyone,sesiapa
anything,apa sahaja
anyway,Bagaimanapun
anywhere,di mana sahaja
apart,Apartment
apartment,Pangsapuri
apparent,jelas
apparently,nampaknya
appeal,rayuan
appear,muncul
appearance,penampilan
apple,epal
application,permohonan
apply,memohon
appoint,melantik
appointment,pelantikan
appreciate,menghargai
approach,pendekatan
appropriate,sesuai
approval,kelulusan
approve,terima
approximately,lebih kurang
Arab,Arab.
architect,arkitek
area,kawasan
argue,argue.
argument,hujah
arise,timbul.
armed,bersenjata
army,tentera
around,sekitar
arrange,mengatur
arrangement,susunan
arrest,Penangkapan
arrival,Ketibaan
arrive,tiba
art,seni
article,artikel
artist,artis
artistic,artistik
as,-
Asian,Asian
aside,selainnya
ask,tanya
asleep,tidur
aspect,aspek
assault,serangan
assert,menegaskan
assess,menilai
assessment,taksiran.
asset,aset
assign,menyerahkan
assignment,tugasan
assist,membantu
assistance,bantuan
assistant,pembantu
associate,bersekutu
association,persatuan
assume,assume.
assure,memberi jaminan
at,di sini
athlete,atlet
athletic,Athletic.
atmosphere,suasana
attach,melampirkan
attack,serang
attempt,percubaan
attend,hadir
attention,perhatian
attitude,sikap
attorney,peguam
attract,tertarik
attractive,menarik
attribute,atribut
audience,penonton
author,pengarang
authority,kuasa
auto,auto.
available,Tersedia
average,purata
avoid,mengelakkan
award,anugerah
aware,menyedari
awareness,kesedaran
away,jauhnya
awful,dahsyat
baby,bayi
back,BACK.
background,latar belakang
bad,Bad
badly,teruk
bag,beg
bake,BAKE
balance,seimbang
ball,bola
ban,Ban
band,band
bank,bank.
bar,bar
barely,Hampir tidak
barrel,barel
barrier,halangan
base,pangkalan
baseball,Baseball
basic,asas
basically,pada dasarnya
basis,asas
basket,bakul
basketball,bola keranjang
bathroom,bilik mandi
battery,bateri
battle,pertempuran
be,akan
beach,pantai
bean,kacang
bear,beranggung
beat,pukulan
beautiful,cantik
beauty,kecantikan
because,kerana.
become,menjadi
bed,tempat tidur
bedroom,bilik tidur
beer,bir
before,sebelum ini
beginning,mulai.
behavior,tingkah laku
behind,di belakang
being,menjadi
belief,percaya
believe,percaya
bell,Bell
belong,milik
below,di bawah
belt,tali pinggang
bench,bangku
bend,bengkok
beneath,di bawah
benefit,memberi manfaat
beside,di tepi
besides,selain daripada
best,Best.
bet,taruhan
better,lebih baik
between,antara
Bible,Bible
big,besar
bike,basikal
bill,bil
billion,bilion
bind,mengikat
biological,biologi
bird,burung
birth,lahir
birthday,hari lahir
bit,bit.
bite,menggigit
black,Hitam
blade,bilah
blame,menyalahkan
blanket,selimut
blind,buta
block,blok
blood,darah
blow,tamparan
blue,Biru
board,papan
boat,bot
body,badan
bomb,bom
bombing,pengeboman
bond,bon
bone,tulang
book,buku
boom,Boom.
boot,boot.
border,sempadan
born,lahir
borrow,meminjam
boss,Boss.
both,kedua-duanya
bother,mengganggu
bottle,botol
bottom,bawah
boundary,sempadan
bowl,bowl.
box,kotak
boy,budak lelaki
boyfriend,teman lelaki
brain,otak
branch,cawangan
brand,Jenama
bread,roti
break,pecah
breakfast,sarapan pagi
breast,payudara
breath,nafas.
breathe,Bernafas
brick,Brick.
bridge,jambatan
brief,ringkas
briefly,secara ringkas
bright,terang
brilliant,brilliant.
bring,membawa
British,British.
broad,luas
broken,pecah
brother,abang
brown,coklat
brush,berus
buck,Buck.
budget,belanjawan
build,membina
building,bangunan
bullet,peluru
bunch,Bunch
burden,beban
burn,terbakar
bury,menguburkan
bus,Bus
business,perniagaan
busy,sibuk
but,Tetapi
butter,mentega
button,butang
buy,beli
buyer,pembeli
by,by.
cabin,kabin
cabinet,Kabinet
cable,kabel
cake,kek
calculate,hitung
call,hubungi
camera,kamera
camp,berkhemah
campaign,kempen
campus,kampus
can,boleh
Canadian,Kanada.
cancer,kanser
candidate,calon
cap,cap
capability,keupayaan
capable,mampu
capacity,kapasiti
capital,modal
captain,kapten
capture,menangkap
car,kereta
carbon,karbon
card,kad.
care,penjagaan
career,kerjaya
careful,berhati-hati.
carefully,berhati-hati
carrier,pembawa
carry,membawa
case,Kes
cash,tunai
cast,pelakonan
cat,kucing
catch,menangkap
category,kategori
Catholic,Katolik
cause,Punca
ceiling,siling
celebrate,meraikannya
celebration,sambutan
celebrity,selebriti
cell,sel
center,pusat
central,pusat
century,abad
CEO,Ketua Pegawai Eksekutif
ceremony,upacara
certainly,Sudah tentu
chain,rantai
chair,kerusi
chairman,pengerusi
challenge,cabaran
chamber,ruang
champion,juara
championship,kejohanan
chance,peluang
change,ubah
changing,menukar
channel,Saluran
chapter,Bab
character,watak
characteristic,ciri
characterize,mencirikannya
charge,caj
charity,amal
chart,carta
chase,mengejar
cheap,murah
check,cek
cheek,pipi
cheese,keju
chef,tukang masak
chemical,bahan kimia
chest,dada
chicken,ayam
chief,ketua
child,kanak-kanak
childhood,zaman kanak-kanak
Chinese,Bahasa Cina
chip,cip
chocolate,coklat
choice,pilihan
cholesterol,kolesterol
choose,Pilih
Christian,Kristian
Christmas,Krismas.
church,gereja
cigarette,rokok
circle,lingkaran
circumstance,keadaan
cite,memetik
citizen,warganegara
city,bandar raya
civil,sivil
civilian,orang awam
claim,tuntutan
class,kelas
classic,klasik
classroom,bilik darjah
clean,bersih
clear,jelas
clearly,jelas
client,pelanggan
climate,iklim
climb,mendaki
clinic,klinik
clinical,klinikal
clock,jam
close,tutup
closely,rapat
closer,lebih dekat
clothes,pakaian
clothing,pakaian
cloud,Awan
club,kelab
clue,petunjuk
cluster,cluster.
coach,jurulatih
coal,arang batu
coalition,gabungan
coast,Pantai
coat,kot
code,kod
coffee,kopi
cognitive,kognitif
cold,Dingin
collapse,runtuh
colleague,rakan sekerja
collect,mengumpul
collection,koleksi
collective,kolektif
college,kolej
colonial,kolonial.
color,warna
column,ruangan
combination,gabungan
combine,Gabung
come,datang
comedy,comedy.
comfort,keselesaan
comfortable,selesa.
command,arahan
commander,komander
comment,komen
commercial,komersial
commission,Suruhanjaya
commit,komit
commitment,komitmen
committee,jawatankuasa
common,biasa
communicate,berkomunikasi
communication,Komunikasi
community,masyarakat
company,syarikat
compare,Bandingkan
comparison,perbandingan
compete,bersaing
competition,pertandingan
competitive,berdaya saing
competitor,pesaing
complain,mengadu
complaint,aduan
complete,lengkap
completely,sepenuhnya
complex,kompleks
complicated,rumit
component,komponen
compose,compose.
composition,komposisi
comprehensive,menyeluruh
computer,komputer
concentrate,menumpukan perhatian
concentration,kepekatan
concept,konsep
concern,kebimbangan
concerned,mengambil berat
concert,konsert.
conclude,membuat kesimpulan
conclusion,kesimpulannya
concrete,konkrit
condition,keadaan
conduct,kelakuan
conference,persidangan
confidence,keyakinan
confident,yakin
confirm,sahkan
conflict,konflik
confront,berhadapan dengannya
confusion,kekeliruan
Congress,Kongres
congressional,Kongres.
connect,sambungkan
connection,sambungan
consciousness,kesedaran
consensus,konsensus.
consequence,akibatnya.
conservative,konservatif
consider,pertimbangkan
considerable,agak banyak
consideration,pertimbangan
consist,terdiri
consistent,konsisten
constant,malar.
constantly,sentiasa
constitute,membentuk
constitutional,perlembagaan
construct,membina
construction,pembinaan
consultant,perunding
consume,makan
consumer,pengguna
consumption,penggunaannya
contact,hubungi
contain,mengandungi
container,bekas
contemporary,kontemporari
content,kandungan
contest,Peraduan
context,konteksnya
continue,teruskan
continued,berterusan
contrast,kontras.
contribute,menyumbang
contribution,sumbangan
control,kawalan
controversial,kontroversi
controversy,kontroversi
convention,Konvensyen
conventional,konvensional.
conversation,perbualan
convert,tukar.
convince,meyakinkan
cook,masak
cookie,cookie.
cooking,memasak
cool,sejuk
cooperation,kerjasama
cop,polis
cope,mengatasinya
copy,salinan
core,teras
corn,jagung
corner,Sudut
corporate,korporat
corporation,Perbadanan
correct,betul
correspondent,wartawan
cost,kos
cotton,kapas
couch,sofa.
could,boleh
council,majlis
counselor,kaunselor
count,mengira
counter,kaunter
country,negara
county,Daerah
couple,pasangan
courage,keberanian
course,kursus
court,Mahkamah
cousin,sepupu
cover,penutup
coverage,liputan
cow,lembu
crack,retak
craft,kraf.
crash,crash.
crazy,gila.
cream,krim
create,Buat
creation,ciptaan
creature,makhluk
credit,Kredit
crew,krew
crime,jenayah
criminal,jenayah
crisis,krisis
criteria,kriteria
critic,pengkritik
critical,kritikal
criticism,kritikan
criticize,mengkritik
crop,potong
cross,menyeberang
crowd,orang ramai
crucial,CRUCIAL
cry,menangis
cultural,budaya
culture,budaya
cup,cawan
curious,ingin tahu
current,semasa
currently,pada masa ini
curriculum,kurikulum
custom,Custom.
customer,pelanggan
cut,potong
cycle,kitaran
dad,ayah
daily,Daily.
damage,kerosakan
dance,menari
danger,bahaya
dangerous,berbahaya
dare,berani
dark,gelap
darkness,kegelapan
data,data
date,Tarikh
daughter,anak perempuan
day,hari
dead,mati
deal,urus niaga
dealer,peniaga
dear,Dear.
death,kematian
debate,perdebatan
debt,hutang
decade,dekad
decide,membuat keputusan
decision,keputusan
deck,deck
declare,mengisytiharkan
decline,penurunan
decrease,penurunan
deep,mendalam
deeply,Deeply.
deer,rusa
defeat,mengalahkan
defend,mempertahankan
defendant,defendan.
defense,pertahanan
defensive,defensif
deficit,defisit.
define,mentakrifkan
definition,definisi
degree,Ijazah
delay,kelewatan
deliver,menyampaikan
delivery,penghantaran
demand,permintaan
democracy,demokrasi
Democrat,Demokrat
democratic,demokratik
demonstrate,menunjukkan
demonstration,demonstrasi
deny,DENGAN
department,Jabatan
depend,bergantung
dependent,bergantung
depending,bergantung
depict,menggambarkan
depression,kemurungan
depth,kedalaman
deputy,timbalan.
derive,berasal
describe,terangkan
description,perihalan
desert,Desert.
deserve,layak
design,reka bentuk
designer,pereka
desire,keinginan
desk,meja
desperate,terdesak
despite,walaupun
destroy,memusnahkan
destruction,pemusnahan
detail,terperinci
detailed,terperinci
detect,mengesan
determine,tentukan
develop,membangunkan
developing,membangunkan
development,pembangunan
device,peranti
devote,menumpukan
dialogue,dialog
die,mati
diet,diet
differ,berbeza.
difference,beza
different,berbeza
differently,berbeza
difficult,sukar
difficulty,kesukaran
dig,dig.
digital,digital.
dimension,Dimensi
dining,Makan
dinner,Makan malam
direct,mengarahkan
direction,arah
directly,secara langsung
director,Pengarah
dirt,kotoran
dirty,kotor
disability,kecacatan
disagree,tidak bersetuju
disappear,hilang
disaster,bencana
discipline,disiplin
discourse,wacana
discover,menemui
discovery,penemuan
discrimination,diskriminasi
discuss,membincangkannya
discussion,perbincangan
disease,penyakit
dish,hidangan
dismiss,menolaknya
disorder,Gangguan
display,dipaparkan
dispute,mempertikaikan
distance,jarak jauh
distant,jauh
distinct,berbeza
distinction,perbezaannya
distinguish,membezakan
distribute,mengedarkan
distribution,pengedaran
district,daerah
diverse,pelbagai
diversity,kepelbagaian
divide,membahagi
division,bahagian
divorce,Perceraian
DNA,DNA.
do,lakukan
doctor,doktor
document,dokumen
dog,anjing
domestic,domestik.
dominant,dominan
dominate,menguasai
door,pintu
double,double.
doubt,ragu-ragu
down,turun
downtown,Downtown.
dozen,dozen.
draft,draf
drag,seretan
drama,drama.
dramatic,dramatik
dramatically,secara dramatik
draw,menarik
drawing,lukisan
dream,mimpi
dress,pakaian
drink,minuman
drive,memandu
driver,pemandu
drop,drop.
drug,dadah
dry,kering
due,kerana
during,semasa
dust,debu
duty,tugasnya
each,masing-masing
eager,bersemangat
ear,Telinga
early,awal
earn,mendapat pendapatan
earnings,pendapatan
earth,Bumi.
ease,kemudahan
easily,dengan mudah
east,timur
eastern,Timur
easy,Mudah.
eat,makan
economic,ekonomi
economics,Ekonomi
economist,ahli ekonomi
economy,ekonomi
edge,hujung
edition,edisi
editor,editor.
educate,mendidik
education,Pendidikan
educational,pendidikan
educator,Pendidik
effect,kesan
effective,berkesan
effectively,berkesan
efficiency,kecekapan
efficient,cekap
effort,usaha
egg,telur
eight,lapan
either,sama ada
elderly,warga tua
elect,memilih
election,Pilihan Raya
electric,Electric.
electricity,elektrik
electronic,Electronic.
element,unsur
elementary,asas
eliminate,menghapuskan
elite,elit
else,lain
elsewhere,di tempat lain
e-mail,E-mel
embrace,peluk
emerge,muncul
emergency,kecemasan
emission,pelepasan
emotion,emosi
emotional,emosi.
emphasis,penekanan
emphasize,menekankan
employ,menggaji
employee,pekerja
employer,majikan
employment,pekerjaan.
empty,kosong
enable,membolehkannya
encounter,bertemu
encourage,menggalakkan
end,akhir
enemy,musuh
energy,tenaga
enforcement,penguatkuasaan
engage,terlibat
engine,enjin
engineer,jurutera
engineering,kejuruteraan
English,Bahasa Inggeris
enhance,meningkatkan
enjoy,Nikmati
enormous,sangat besar
enough,cukup
ensure,memastikan
enter,masuk
enterprise,Enterprise.
entertainment,Hiburan
entire,seluruh
entirely,seluruhnya
entrance,pintu masuk.
environment,persekitaran
environmental,alam sekitar
episode,episod
equal,sama.
equally,sama
equipment,peralatan
era,zaman
error,kesilapan
escape,melarikan diri
especially,terutamanya
essay,esei
essential,penting
essentially,pada asasnya
establish,menubuhkan
establishment,penubuhan
estate,estet
estimate,anggaran
etc,dan lain-lain
ethics,Etika
ethnic,Etnik
European,Eropah
evaluate,menilai
evaluation,Penilaian
even,walaupun
evening,petang
event,acara
eventually,akhirnya
ever,pernah
every,setiap
everybody,semua orang
everyday,setiap hari
everyone,semua orang
everything,semuanya
everywhere,dimana - mana
evidence,Bukti
evolution,evolusi
evolve,berkembang
exact,tepat
exactly,betul-betul
examination,pemeriksaan
examine,memeriksa
example,contohnya
exceed,melebihi
excellent,Cemerlang
except,kecuali
exception,Pengecualian
exchange,pertukaran
exciting,mengujakan
executive,Eksekutif
exercise,senaman
exhibit,Pameran
exhibition,pameran
exist,wujud
existence,kewujudan
existing,sedia ada
expand,berkembang
expansion,pengembangan
expect,menjangkakan
expectation,jangkaan
expense,perbelanjaan
expensive,mahal
experience,pengalaman
experiment,Eksperimen
expert,pakar
explain,terangkan
explanation,Penjelasan.
explode,meletup
explore,meneroka
explosion,letupan
expose,mendedahkan
exposure,dedahan
express,menyatakan
expression,ungkapan
extend,melanjutkan
extension,sambungan
extensive,luas
extent,sejauh mana
external,luaran
extra,Tambahan tambahan
extraordinary,luar biasa
extreme,melampau
extremely,sangat
eye,mata
fabric,kain
face,muka
facility,kemudahan
fact,fakta
factor,faktor
factory,kilang
faculty,Fakulti
fade,pudar
fail,gagal
failure,kegagalan
fair,adil
fairly,adil
faith,iman
fall,jatuh
FALSE,SALAH
familiar,biasa
family,keluarga
famous,terkenal
fan,Fan.
fantasy,fantasi
far,jauh
farm,ladang
farmer,petani
fashion,fesyen
fast,FAST.
fat,lemak
fate,nasib
father,bapa
fault,Kesalahan
favor,nikmat
favorite,kegemaran
fear,takut
feature,ciri
fee,Bayaran
feed,memberi makan
feel,Rasa
feeling,perasaan
fellow,rakan
female,perempuan
fence,pagar
few,beberapa
fewer,kurang
fiber,serat
fiction,FICTION.
field,bidang
fifteen,lima belas
fifth,kelima
fifty,lima puluh
fight,berjuang
fighter,pejuang
fighting,berjuang
figure,angka
file,fail
fill,isikan
film,filem
final,Akhirnya
finally,Akhirnya
finance,kewangan
financial,kewangan
find,cari
finding,mencari
fine,denda
finger,jari
finish,selesai
fire,api
firm,tegas
first,pertama
fish,ikan
fishing,memancing
fit,sesuai
fitness,kecergasan
five,lima.
fix,menetapkan
flag,bendera
flame,api
flat,rata
flavor,rasa
flee,melarikan diri
flight,penerbangan
float,Float.
floor,lantai
flow,mengalir
flower,bunga
fly,terbang
focus,Fokus
folk,rakyat
follow,berikutnya
following,berikut.
foot,kaki
football,bola sepak
for,untuk
force,memaksa
foreign,wartawan
forest,Hutan
forever,selamanya
forget,lupakan
form,bentuk
formal,rasmi
formation,pembentukan
former,bekas
formula,Formula.
forth,Forth.
fortune,FORTUNE.
forward,ke hadapan
found,dijumpai
foundation,Yayasan
founder,pengasas
four,empat.
fourth,Keempat
frame,bingkai
framework,Rangka Kerja.
freedom,kebebasan
freeze,membeku
French,Bahasa Perancis
frequency,kekerapan
frequent,kerap
frequently,kerap
fresh,segar.
friend,kawan
friendly,ramah
friendship,persahabatan
from,dari
front,depan
fruit,Buah
frustration,kekecewaan
fuel,bahan api
full,penuh
fully,sepenuhnya
fun,Fun.
function,fungsi
fund,dana
fundamental,fundamental.
funding,pembiayaan
funeral,pengebumian
funny,lucu
furniture,perabot
furthermore,Tambahan pula
future,masa depan
gain,keuntungan
galaxy,Galaxy.
gallery,galeri
game,Permainan
gang,geng
gap,gap.
garage,garaj
garden,taman
garlic,bawang putih
gas,gas
gate,pintu gerbang
gather,berkumpul
gay,gay.
gaze,pandangan
gear,gear.
gender,jantina
gene,Gen.
general,am
generally,Secara amnya
generate,menjana
generation,generasi
genetic,genetik
gentleman,lelaki
gently,perlahan-lahan
German,Jerman
gesture,isyarat
get,get.
ghost,hantu
giant,gergasi
gift,hadiah
gifted,berbakat
girl,Gadis
girlfriend,teman wanita
give,memberi
given,diberikan
glad,gembira
glance,pandangan
glass,kaca.
global,Global.
glove,sarung tangan
go,pergi
goal,Matlamat
God,Tuhan
gold,emas
golden,keemasan
golf,golf
good,baik
government,kerajaan
governor,gabenor
grab,Grab.
grade,gred
gradually,beransur-ansur
graduate,graduan
grain,bijirin
grand,besar
grandfather,datuk
grandmother,nenek
grant,geran
grass,rumput
grave,kubur
gray,kelabu
great,Great.
greatest,paling banyak
green,hijau
grocery,kedai runcit
ground,tanah
group,kumpulan
grow,berkembang
growing,berkembang
growth,pertumbuhan
guarantee,jaminan
guard,pengawal
guess,meneka
guest,Tetamu
guide,panduan
guideline,garis panduan
guilty,bersalah
gun,senapang
guy,lelaki
habit,kebiasaan
habitat,habitat
hair,Rambut
half,separuh
hall,dewan
hand,tangan
handful,genggam
handle,mengendalikan
hang,gantung
happen,berlaku
happy,gembira
hard,keras
hardly,Hampir tidak
hat,HAT.
hate,benci
have,telah
he,beliau
head,kepala
headline,tajuk utama
headquarters,ibu pejabat
health,kesihatan
healthy,sihat
hear,dengar
hearing,pendengaran
heart,hati
heat,haba
heaven,surga
heavily,sangat
heavy,Berat
heel,Heel.
height,Ketinggian
helicopter,helikopter.
hell,neraka
hello,hello.
help,bantuan
helpful,membantu
her,dia
here,di sini
heritage,warisan
hero,Hero.
herself,dirinya sendiri.
hey,Hey
hi,hi.
hide,bersembunyi
high,tinggi
highlight,menyerlahkan
highly,Hebatnya
highway,Lebuhraya
hill,bukit
him,dia
himself,dirinya sendiri
hip,hip.
hire,sewa
his,beliau
historian,ahli sejarah
historic,bersejarah
historical,sejarah
history,Sejarah
hit,memukul
hold,HOLD.
hole,lubang
holiday,percutian
holy,suci
home,rumah
homeless,tiada tempat tinggal
honest,jujur
honey,madu
honor,penghormatan
hope,Hope.
horizon,horizon
horse,kuda.
hospital,hospital
host,tuan rumah
hot,panas
hotel,Hotel
hour,jam
house,rumah
household,isi rumah
housing,Perumahan
how,","
however,Walau bagaimanapun
huge,besar
human,manusia
humor,humor.
hungry,lapar
hunter,pemburu
hunting,memburu
hurt,sakit
husband,suami
hypothesis,hipotesis
I,I.
ice,ais
idea,idea
ideal,Ideal
identification,pengenalan
identify,kenal pasti
identity,identiti
ie,iaitu
if,sekiranya
ignore,abai
ill,buruk
illegal,haram
illness,penyakit
image,imej
imagination,imaginasi
imagine,bayangkan
immediate,segera
immediately,segera
immigrant,imigran
immigration,imigresen
impact,kesannya
implement,melaksanakan
implication,implikasi
imply,menyiratkan
importance,kepentingannya
important,penting
impose,dikenakan
impossible,mustahil
impress,mengesankan
impression,kesannya
improve,bertambah baik
improvement,pembaikan
in,di dalam
incentive,insentif
incident,kejadian
include,termasuk
including,termasuk
income,pendapatan
incorporate,menggabungkan
increase,meningkat
increased,meningkat
increasing,meningkat
increasingly,semakin banyak
incredible,luar biasa
indeed,sesungguhnya
independence,Kemerdekaan
independent,bebas
index,index.
Indian,Indian
indicate,menunjukkan
indication,petunjuk
individual,individu.
industrial,perindustrian
industry,industri
infant,bayi.
infection,jangkitan
inflation,inflasi.
influence,pengaruh
inform,memberitahu
information,maklumat
ingredient,bahan
initial,awal
initially,pada mulanya.
initiative,inisiatif
injury,kecederaan
inner,batin
innocent,tidak bersalah
inquiry,siasatan
inside,dalam
insight,Insight
insist,menegaskan
inspire,memberi inspirasi
install,Pasang
instance,contohnya.
instead,sebaliknya
institution,institusi
institutional,institusi
instruction,arahan
instructor,pengajar
instrument,alat
insurance,insurans
intellectual,intelektual
intelligence,kecerdasan
intend,berniat
intense,tegang
intensity,keameran
intention,niat
interaction,interaksi
interest,minat
interested,berminat
interesting,menarik
internal,dalaman
international,International.
Internet,Internet
interpret,mentafsir.
interpretation,tafsiran
intervention,campur tangan
interview,wawancara
into,ke dalam
introduce,memperkenalkan
introduction,pengenalan
invasion,pencerobohan
invest,melabur
investigate,menyiasat
investigation,siasatan
investigator,penyiasat.
investment,pelaburan
investor,pelabur
invite,jemputan
involve,melibatkan diri
involved,terbabit
involvement,penglibatan
Iraqi,Iraq.
Irish,Ireland
iron,Iron
Islamic,Islam
island,pulau
Israeli,Israel
issue,isu
it,ia
Italian,Bahasa Itali
item,Item
its,iaitu
itself,sendiri
jacket,jaket
jail,penjara
jet,jet
Jew,Yahudi
Jewish,Yahudi
job,kerja
join,Sertai
joint,bersama
joke,jenaka
journal,jurnal
journalist,wartawan
journey,perjalanan
joy,Joy.
judge,Hakim
juice,jus
jump,melompat
junior,Junior
jury,juri
just,hanya
justice,keadilan
justify,justify.
keep,menyimpan
key,kekunci
kick,Kick.
kid,anak lelaki
kill,bunuh
killer,pembunuh
killing,membunuh
kind,jenis
king,raja
kiss,ciuman
kitchen,dapur
knee,lutut
knife,pisau
knock,mengetuk
know,tahu
knowledge,pengetahuan
lab,lab
label,label
labor,Buruh
laboratory,makmal
lack,kekurangan
lady,wanita
lake,Tasik
land,tanah
landscape,landskap.
language,bahasa.
lap,lap
large,besar
largely,sebahagian besarnya
last,terakhir
late,terlambat
later,kemudian
Latin,Latin.
latter,yang terakhir
laugh,ketawa
launch,pelancaran
law,undang-undang
lawn,rumput.
lawsuit,undang-undang
lawyer,peguam
lay,letakkan
layer,lapisan
lead,memimpin
leader,Ketua
leadership,kepimpinan
leading,mengetuai
leaf,daun
league,liga
lean,bersandar
learn,belajar
learning,belajar
least,paling sedikit
leather,kulit
leave,biarkan
left,meninggalkan
leg,kaki
legacy,warisan
legal,undang-undang
legend,legenda
legislation,undang-undang
legitimate,sah
lemon,lemon
length,panjangnya
less,kurang
lesson,pelajaran
let,beritahu
letter,surat
level,tahap
liberal,Liberal.
library,perpustakaan
license,lesen
lie,berbohong
life,hidup
lifestyle,cara hidup
lifetime,seumur hidup
lift,lif
light,cahaya.
like,suka
likely,mungkin
limit,had
limitation,Batasan
limited,terhad
line,baris
link,pautan
lip,bibir
list,senarai
listen,mendengar
literally,secara harfiah
literary,sastera.
literature,kesusasteraan
live,hidup
living,tinggal
load,beban
loan,pinjaman
local,tempatan
locate,mencari
location,lokasi
lock,mengunci
long,LONG
long-term,jangka panjang
look,lihatlah
loose,longgar
lose,kalah
loss,kehilangan
lost,hilang
lot,banyak
loud,kuat
love,suka
lovely,indah
lover,kekasih
low,rendah
lower,lebih rendah
luck,nasib
lucky,Lucky.
lunch,Makan tengah hari
lung,Lung
machine,mesin
mad,MAD.
magazine,majalah
mail,mel
main,utama
mainly,terutamanya
maintain,mengekalkannya
maintenance,penyelenggaraan
major,utama
majority,majoriti
make,buat
maker,pembuat
makeup,solek
male,lelaki
mall,pusat membeli-belah
man,lelaki
manage,mengurus
management,Pengurusan
manager,pengurus
manufacturer,pengilang
manufacturing,pembuatan
many,banyak orang
map,peta
margin,margin
market,pasaran
marketing,Pemasaran
marriage,perkahwinan
married,berkahwin
marry,kahwin
mask,topeng
mass,jisim
massive,besar-besaran
master,master
match,perlawanan
material,bahan
math,Matematik
matter,perkara
may,mungkin
maybe,mungkin
mayor,Datuk Bandar
me,saya
meal,makanan
mean,bermakna
meaning,makna.
meanwhile,Sementara itu
measure,mengukur
measurement,pengukuran
meat,daging
mechanism,mekanisme
media,media
medical,perubatan
medication,ubat.
medicine,ubat
medium,medium.
meet,bertemu
meeting,mesyuarat
member,ahli
membership,keahlian
memory,ingatan
mental,mental
mention,menyebut
menu,Menu
mere,semata-mata
merely,hanya
mess,keadaan huru-hara
message,Mesej
metal,logam
method,kaedah
Mexican,Mexico
middle,tengah
might,MIGHT
military,tentera
milk,susu
million,juta
mind,fikiran
mine,mine.
minister,Menteri
minor,kecil
minority,minoriti
minute,minit
miracle,mukjizat
mirror,cermin
miss,terlepas
missile,peluru berpandu
mission,misi
mistake,kesilapan
mix,bercampur
mixture,campuran
mm-hmm,mm-hmm.
mode,mode.
model,model
moderate,sederhana.
modern,moden
modest,sederhana.
mom,Ibu
moment,masa
money,wang
monitor,memantau
month,bulan
mood,mood
moon,bulan
moral,moral
more,lebih lanjut
moreover,lebih-lebih lagi
morning,Pagi
mortgage,gadai janji
most,paling
mostly,kebanyakannya
mother,ibu
motion,gerakan
motivation,motivasi
motor,motor
mount,Gunung
mountain,Gunung
mouse,Tetikus
mouth,mulut.
move,Pindah
movement,pergerakan
movie,filem.
Mr,Encik
Mrs,Puan
Ms,Cik
much,banyak
multiple,pelbagai
murder,pembunuhan
muscle,otot
museum,muzium
music,muzik
musical,Musikal
musician,pemuzik
Muslim,Muslim.
must,mesti
mutual,bersama
my,my
myself,saya sendiri
mystery,misteri
myth,mitos
naked,telanjang
name,nama
narrative,naratif
narrow,sempit
nation,negara
national,Nasional
native,Native.
natural,semula jadi.
naturally,secara semula jadi
nature,alam semula jadi
near,berhampiran
nearby,berhampiran
nearly,hampir
necessarily,semestinya
necessary,perlu
neck,leher
need,keperluan
negative,negatif
negotiate,berunding
negotiation,rundingan
neighbor,jirannya
neighborhood,kejiranan
neither,tidak
nerve,saraf
nervous,gugup.
net,bersih
network,rangkaian
never,tidak pernah
nevertheless,Walau bagaimanapun
new,baru
newly,baru sahaja
news,Berita
newspaper,akhbar
next,Seterusnya
nice,bagus
night,malam
nine,sembilan
no,Tidak
nobody,tiada siapa
nod,nod
noise,bunyi bising
nomination,pencalonan
none,tiada
nonetheless,Walau bagaimanapun
nor,juga
normal,normal
north,utara
northern,utara
nose,hidung
not,tidak
note,catatan
nothing,tiada apa-apa
notice,notis
notion,tanggapan
novel,novel.
now,Sekarang
nowhere,tidak ada tempat
n't,tidak
nuclear,nuklear
number,nombor
numerous,banyak
nurse,jururawat
nut,kacang
object,objek
objective,Objektif
obligation,kewajipan
observation,pemerhatian
observe,perhatikan
observer,Observer.
obtain,memperolehi
obvious,jelas
obviously,jelasnya
occasion,majlis
occasionally,kadang-kadang
occupation,pekerjaan
occupy,menduduki
occur,berlaku
ocean,laut
odd,ganjil
odds,ODDS.
of,of.
off,off
offense,kesalahan
offensive,menyinggung perasaan
offer,tawaran
office,pejabat
officer,pegawai
official,rasmi.
often,seringkali
oh,Oh
oil,minyak
ok,okey
okay,baik
old,tua
Olympic,Olimpik
on,pada
once,sekali
one,satu
ongoing,berterusan
onion,bawang
online,dalam talian
only,sahaja
onto,ke arah
open,buka
opening,membuka
operate,beroperasi
operating,beroperasi
operation,operasi
operator,operator
opinion,pendapat
opponent,lawan
opportunity,peluang
oppose,menentang
opposite,sebaliknya
opposition,pembangkang
option,pilihan
or,atau
orange,Orange.
ordinary,biasa
organic,organik
organization,organisasi
organize,menyusun
orientation,orientasi
origin,asal
original,asal
originally,asalnya
other,lain
others,yang lain
otherwise,sebaliknya
ought,sepatutnya
our,kami
ourselves,diri kita.
out,keluar
outcome,hasilnya
outside,di luar
oven,ketuhar
over,lebih
overall,secara keseluruhan
overcome,diatasi
overlook,terlepas pandang
owe,berhutang
own,sendiri
owner,pemiliknya
pace,pace.
pack,pek
package,pakej
page,PAGE
pain,sakit
painful,menyakitkan
paint,cat.
painter,pelukis
painting,lukisan
pair,pasangan
pale,pucat
Palestinian,Palestin.
palm,Palm.
pan,pan
panel,panel
pant,pantan
paper,kertas
parent,ibu bapa
park,Park.
parking,tempat letak kenderaan
part,bahagian.
participant,peserta
participate,mengambil bahagian
participation,penyertaan
particular,khususnya
particularly,terutamanya
partly,sebahagiannya
partner,rakan kongsi
partnership,perkongsian
party,parti
pass,lulus
passage,laluan
passenger,penumpang
passion,semangat
past,masa lalu
patch,patch
path,jalan
patient,pesakit
pattern,corak
pause,Jeda
pay,bayar
payment,pembayaran
PC,PC.
peace,keamanan
peak,puncak
peer,rakan sebaya
penalty,penalti
people,orang ramai
pepper,lada
per,per.
perceive,merasakan
percentage,peratusan
perception,persepsi
perfect,sempurna
perfectly,Sempurna
perform,melakukan
performance,prestasi
perhaps,mungkin
period,tempoh
permanent,kekal
permission,kebenaran
permit,permit
person,orang
personal,Peribadi
personality,personaliti.
personally,secara peribadi
personnel,kakitangan
perspective,perspektif
persuade,memujuk
pet,Pet.
phase,Fasa
phenomenon,fenomena
philosophy,falsafah.
phone,telefon
photo,foto
photograph,Gambar
photographer,juru gambar
phrase,ungkapan
physical,fizikal
physically,secara fizikal
physician,doktor
piano,piano.
pick,Pilih
picture,gambar
pie,pai
piece,sekeping
pile,timbunan
pilot,juruterbang
pine,pinus
pink,merah jambu
pipe,paip
pitch,padang
place,tempat
plan,merancang
plane,pesawat
planet,planet
planning,merancang
plant,tumbuhan
plastic,plastik
plate,plat
platform,platform
play,Bermain
please,sila
pleasure,keseronokan
plenty,banyak
plot,plot
plus,tambah
PM,PM.
pocket,Pocket.
poem,puisi
poet,penyair
poetry,Puisi
point,titik
pole,tiang
police,polis
policy,dasar
political,politik
politically,secara politik
politician,ahli politik
politics,politik
poll,Pungutan suara
pollution,pencemaran
pool,kolam renang
poor,miskin
pop,Pop.
popular,popular
population,penduduknya
porch,anjung
port,pelabuhan
portion,bahagian
portrait,potret
portray,menggambarkan
pose,berpose
position,kedudukannya
positive,positif
possess,mempunyai
possibility,Kemungkinan
possible,mungkin
possibly,kemungkinan
post,siaran
pot,pot.
potato,kentang
potential,berpotensi
potentially,berpotensi
pound,pound.
pour,tuangkan
poverty,kemiskinan
powder,serbuk
power,kuasa
powerful,berkuasa
practical,praktikal
practice,berlatih
pray,Berdoalah
prayer,doa
precisely,tepat
predict,meramalkan
prefer,lebih suka
preference,pilihan
pregnancy,kehamilan
preparation,penyediaan
prepare,menyediakan
prescription,preskripsi
presence,kehadiran
present,hadir
presentation,persembahan
preserve,memelihara
president,Presiden
presidential,presiden
press,Tekan
pressure,tekanan
pretend,berpura-pura
pretty,cantik
prevent,mengelakkan
previous,Sebelumnya
previously,sebelum ini
price,harga
pride,kebanggaan
priest,imam
primarily,terutamanya
primary,Rendah.
prime,Perdana pun
principal,pengetua
principle,prinsip
print,cetak
prior,sebelum ini
priority,keutamaan
prison,penjara
prisoner,banduan
privacy,Privasi
private,swasta
probably,Mungkin
problem,masalah
procedure,prosedur
proceed,meneruskan
process,proses
produce,menghasilkan
producer,penerbit
product,produk
production,pengeluaran
profession,profesion
professional,profesional
professor,profesor
profile,profil
profit,keuntungan
program,program
progress,kemajuan
project,projek
prominent,menonjol
promise,Janji
promote,mempromosikan
prompt,meminta
proof,bukti
proper,betul
properly,betul
property,harta
proportion,perkadaran
proposal,cadangan
propose,mencadangkan
proposed,dicadangkan
prosecutor,pendakwa
prospect,prospek
protect,melindungi
protein,protein.
protest,Protes.
proud,bangga
prove,membuktikan
provide,menyediakan
provider,pembekal
province,wilayah
provision,peruntukan
psychological,psikologi
psychologist,ahli psikologi
psychology,psikologi
public,awam
publication,penerbitan
publicly,secara terbuka
publish,menerbitkan
publisher,penerbit
pull,tarik
punishment,hukuman
purchase,pembelian.
pure,murni.
purpose,tujuan
pursue,mengejar
push,tolak
put,letak
qualify,layak
quality,kualiti
quarter,suku tahun
quarterback,Quarterback.
question,mempersoalkan
quick,cepat
quickly,Cepat
quiet,senyap
quietly,secara senyap-senyap
quit,berhenti
quite,Cik
quote,petikan
race,bangsa
racial,kaum.
radical,radikal
radio,radio
rail,kereta api
rain,hujan
raise,kenaikan harga
range,julatnya
rank,pangkat
rapid,RAPID.
rapidly,dengan cepat
rare,jarang berlaku
rarely,jarang
rate,kadar
rather,sebaliknya
rating,penarafan
ratio,nisbah
raw,mentah
reach,REACH
react,bertindak
reaction,reaksi
read,Baca
reader,pembaca
reading,bacaan
ready,siap
real,Real
reality,realiti
realize,sedar
really,benar
reason,Alasannya
reasonable,munasabah
recall,ingatlah
receive,menerima
recent,terkini
recently,Baru-baru ini
recipe,resipi
recognition,pengiktirafan
recognize,mengiktiraf
recommend,mengesyorkan
recommendation,cadangan
record,rekod
recording,rakaman
recover,pulih
recovery,pemulihan
recruit,rekrut
red,Red.
reduce,mengurangkan
reduction,pengurangan
refer,merujuk
reference,Rujukan
reflect,mencerminkan
reflection,refleksi
reform,pembaharuan
refugee,pelarian
refuse,menolak
regarding,mengenai
regime,rejim
region,kawasan
regional,Regional
register,mendaftar
regular,Regular
regularly,kerap
regulate,mengawal selia
regulation,peraturan
reinforce,mengukuhkan
reject,menolak
relate,dikaitkan.
relation,hubungannya
relationship,hubungan
relative,relatif
relatively,relatif
release,melepaskannya
relevant,berkaitan
relief,kelegaan
religion,agama
religious,agama
rely,bergantung
remain,kekal
remaining,yang tinggal
remarkable,luar biasa
remember,Ingat
remind,ingat
remote,Remote.
remove,keluarkan
repeat,ulangi
repeatedly,berulang kali
replace,menggantikannya
reply,Balas
report,melaporkan
reporter,wartawan
represent,mewakili
representation,perwakilan
representative,wakil
Republican,Republikan
reputation,reputasi
request,permintaan
require,memerlukan
requirement,keperluan
research,penyelidikan
researcher,penyelidik
resemble,menyerupai
reservation,Tempahan
resident,bermastautin
resist,menentang
resistance,rintangan
resolution,resolusi
resolve,selesaikan
resort,resort.
resource,sumber
respect,hormat
respond,membalas
respondent,responden.
response,tindak balas
responsibility,tanggungjawab
responsible,bertanggungjawab
rest,rehat
restaurant,restoran
restore,memulihkan
restriction,sekatan
result,hasilnya
retain,Kekalkan
retire,bersara
retirement,bersara
return,kembali
reveal,mendedahkannya
revenue,pendapatan
review,ulasan
revolution,revolusi
rhythm,Rhythm.
rice,beras
rich,kaya
rid,melepaskan
ride,menaiki
rifle,rifle.
right,hak
ring,cincin
rise,kenaikan
risk,Risiko
river,sungai
road,jalan raya
role,peranan
roll,gulung
roof,bumbung
root,akar.
rope,tali
rose,Rose
rough,kasar
roughly,kira-kira
round,pusingan
route,laluan
routine,rutin
row,baris
rub,RUB.
rule,peraturan
run,lari
running,berjalan.
rural,luar bandar
rush,tergesa-gesa.
Russian,Rusia.
sacred,Sacred.
sad,sedih
safe,selamat
safety,Keselamatan
sake,demi
salad,salad
salary,gaji
sale,jualan
sales,jualan
salt,garam
same,sama
sample,sampel
sanction,sanksi
sand,pasir
satellite,satelit
satisfaction,kepuasan
satisfy,memuaskan hati
sauce,saus
save,JIMAT
saving,menjimatkan
say,katakan
scale,skala
scandal,skandal
scared,takut
scenario,senario
scene,adegan
schedule,Jadual
scheme,skim
scholar,ulama
scholarship,biasiswa.
school,sekolah
science,sains
scientific,saintifik
scientist,saintis
scope,skop
score,skor
scream,menjerit
screen,Skrin
script,skrip.
sea,laut
search,cari
season,musim
second,kedua
secret,rahsia
secretary,setiausaha
section,bahagian
sector,sektor
secure,selamat
security,keselamatan
see,lihat
seed,benih
seek,cari
seem,nampaknya
segment,segmen
seize,merampas
select,Pilih
selection,pilihan
self,diri sendiri
sell,menjual
Senate,Senat
senator,Senator
send,hantar
senior,senior
sense,rasa
sensitive,sensitif
sentence,ayat
separate,berasingan
sequence,urutan
series,siri
serious,serius
seriously,serius
serve,hidang
service,perkhidmatan
session,sesi
set,ditetapkan
setting,persekitaran
settle,menetap
settlement,Penyelesaian
seven,tujuh
several,beberapa
severe,teruk
sex,seks
sexual,seksual
shade,naungan
shadow,bayang-bayang
shake,goncang
shall,hendaklah
shape,bentuk
share,berkongsi
sharp,tajam
she,dia
sheet,lembaran
shelf,rak
shell,shell.
shelter,tempat perlindungan
shift,Shift.
shine,bersinar
shirt,baju
shit,Shit.
shock,terkejut
shoe,kasut
shoot,menembak
shooting,menembak
shop,kedai
shopping,Membeli-belah
shore,Pantai
short,pendek
shortly,Tidak lama lagi
shot,Ditembak
should,sepatutnya
shoulder,bahu
shout,Shout.
show,tunjukkan
shower,mandi
shrug,shrug
shut,ditutup
sick,sakit
side,sebelah
sigh,mengeluh
sight,penglihatan
sign,tanda
signal,isyarat
significance,pentingnya
significant,penting
significantly,dengan ketara
silence,kesunyian
silent,senyap
silver,perak
similar,serupa
similarly,Begitu juga
simple,mudah
simply,semata-mata
sin,sin.
since,sejak
sing,menyanyi
singer,penyanyi
single,tunggal
sink,tenggelam
sir,Tuan
sister,kakak
sit,duduk
site,tapak
situation,keadaan
six,enam
size,saiz
ski,Ski.
skill,kemahiran
skin,kulit
sky,langit
slave,hamba
sleep,tidur
slice,keping.
slide,gelongsor
slight,sedikit
slightly,sedikit
slip,tergelincir
slow,lambat.
slowly,perlahan-lahan
small,kecil
smart,pintar
smell,bau
smile,senyum
smoke,asap
smooth,licin.
snap,snap.
snow,salji
so,So.
so-called,apa yang dipanggil
soccer,Bola Sepak
social,Sosial.
society,masyarakat
soft,lembut
software,perisian
soil,tanah
solar,solar.
soldier,askar
solid,pepejal
solution,penyelesaian
solve,selesaikan
somebody,seseorang
somehow,entah bagaimana
someone,seseorang
something,sesuatu
sometimes,kadang-kadang
somewhat,agak
somewhere,di suatu tempat
son,anak lelaki
song,lagu
soon,tidak lama lagi
sophisticated,canggih.
sorry,maaf
sort,Isikan
soul,jiwa.
sound,bunyi
soup,sup
source,sumber
south,selatan
southern,selatan
Soviet,Soviet
space,ruang
Spanish,Bahasa Sepanyol
speak,bercakap
speaker,Speaker.
special,istimewa
specialist,pakar.
species,spesies.
specific,spesifik
specifically,khususnya
speech,ucapannya
speed,kelajuan
spend,membelanjakannya
spending,perbelanjaan
spin,Spin.
spirit,Roh
spiritual,rohani
split,berpecah
spokesman,jurucakap
sport,sukan
spot,tempat
spring,Spring.
square,persegi
squeeze,memerah
stability,kestabilan
stable,stabil
staff,kakitangan
stage,pentas
stair,tangga
stake,saham
stand,berdiri
standard,standard.
standing,berdiri
star,bintang
stare,stare.
start,bermula
state,Nyatakan
statement,kenyataan
station,stesen
statistics,statistik
stay,tinggal
steal,mencuri
steel,keluli
step,langkah
stick,melekat
still,masih ada
stir,kacau
stock,stok
stomach,perut
stone,batu
stop,berhenti
storage,penyimpanan
store,kedai
storm,STORM.
story,cerita
straight,lurus
strange,aneh
stranger,orang asing
strategic,strategik
strategy,strategi
stream,sungai
street,Jalan
strength,kekuatan
strengthen,menguatkan
stress,tekanan
stretch,meregangkan
strike,mogok
strip,Strip
stroke,strok
strong,kuat
strongly,kuat
structure,struktur
struggle,perjuangan
student,pelajar
studio,studio
study,belajar
stuff,barang-barang
stupid,bodoh
style,gaya
subject,subjek
subsequent,selepas itu
substance,bahan
substantial,Substantial.
succeed,berjaya
success,kejayaan
successful,berjaya
successfully,berjaya
such,>> >>
sudden,tiba-tiba
suddenly,tiba-tiba
sue,Sue.
suffer,menderita
sufficient,cukup
sugar,gula
suggest,cadangkan
suggestion,cadangan
suicide,bunuh diri
suit,sesuai
summer,musim panas
summit,sidang kemuncak
sun,matahari
super,Super.
supply,bekalan
support,sokongan
supporter,penyokong
suppose,Katakanlah
supposed,sepatutnya
Supreme,Supreme.
sure,pasti
surely,Sudah tentu
surface,Surface.
surgery,pembedahan
surprise,mengejutkan
surprised,terkejut
surprising,mengejutkan
surprisingly,mengejutkan
surround,mengelilingi
survey,tinjauan
survival,Survival.
survive,bertahan
survivor,Survivor.
suspect,suspek
sustain,mengekalkan
swear,bersumpah
sweep,menyapu.
sweet,manis
swim,berenang
swing,hayun
switch,suis.
symbol,simbol
symptom,Gejala
system,sistem
table,jadual
tablespoon,sudu besar
tactic,taktik
tail,ekor
take,ambil
tale,kisah
talent,bakat
talk,bercakap
tall,tinggi
tank,tangki
tap,ketik
tape,pita
target,sasaran
task,tugas
taste,rasa
tax,Cukai
taxpayer,pembayar cukai
tea,teh
teach,mengajar
teacher,guru
teaching,mengajar
team,pasukan
tear,merobek
teaspoon,sudu teh
technical,teknikal
technique,teknik
technology,teknologi
teen,remaja
teenager,remaja
telephone,telefon
telescope,Teleskop.
television,televisyen
tell,beritahu
temperature,Suhu
temporary,Sementara
ten,sepuluh.
tend,cenderung
tendency,kecenderungan
tennis,Tenis
tension,ketegangan
tent,khemah
term,istilah
terms,Terma
terrible,dahsyat
territory,wilayah
terror,keganasan
terrorism,Keganasan
terrorist,pengganas
test,test
testify,testifikasi
testimony,Kesaksian
testing,ujian
text,teks
than,daripada
thank,terima kasih
thanks,terima kasih
that,itu
the,the
theater,teater
their,mereka
them,mereka
theme,tema
themselves,diri sendiri
then,Kemudian
theory,teori.
therapy,terapi
there,di sana
therefore,Oleh itu
these,ini
they,mereka
thick,tebal
thin,tipis
thing,benda itu
think,berfikir
third,Ketiga
thirty,tiga puluh
this,Ini
those,mereka
though,walaupun
thought,difikirkannya
thousand,seribu
threat,ancaman
threaten,mengancam
three,tiga.
throat,tekak
through,melalui
throughout,melalui
throw,membaling
thus,Jadi
ticket,Tiket
tie,tie.
tight,ketat
time,masa
tiny,kecil
tip,tip
tire,tayar
tired,letih
tissue,tisu
title,tajuk.
to,ke
tobacco,tembakau
today,hari ini
toe,toe.
together,bersama
tomato,tomato.
tomorrow,esok
tone,nada
tongue,lidah
tonight,Malam ini
too,juga
tool,alat
tooth,gigi
top,teratas
topic,Topik.
toss,lambung
total,jumlahnya
totally,sama sekali
touch,sentuh
tough,sukar
tour,pelancongan
tourist,pelancong
tournament,kejohanan
toward,ke arah
towards,ke arah
tower,menara
town,bandar.
toy,mainan
trace,trace.
track,trek
trade,Perdagangan
tradition,tradisi
traditional,Tradisi
traffic,trafik
tragedy,tragedi
trail,jejak
train,melatih
training,latihan
transfer,pemindahan
transform,mengubah
transformation,transformasi
transition,peralihan
translate,Terjemah.
transportation,Pengangkutan
travel,perjalanan
treat,merawat
treatment,rawatan
treaty,Perjanjian
tree,pokok
tremendous,sangat besar
trend,trend
trial,Percubaan
tribe,suku tahun
trick,menipu
trip,perjalanan
troop,tentera
trouble,masalah
truck,Lori
truly,Sesungguhnya
trust,amanah
truth,kebenaran
try,cuba
tube,tiub.
tunnel,terowong.
turn,berpaling
TV,TV
twelve,dua belas tahun
twenty,dua puluh
twice,dua kali
twin,Twin.
two,dua orang
type,type.
typical,tipikal.
typically,biasanya
ugly,Ugly.
ultimate,Ultimate.
ultimately,akhirnya
unable,tidak dapat
uncle,paman
under,di bawah
undergo,Malaysia
understand,faham
understanding,memahami
unfortunately,Malangnya
uniform,seragam
union,kesatuan
unique,unik
unit,unit
United,United
universal,sejagat
universe,Alam semesta
university,Universiti.
unknown,tidak diketahui
unless,kecuali
unlike,tidak seperti
unlikely,tidak mungkin
until,Sehingga
unusual,yang luar biasa
up,up.
upon,pada
upper,atas
urban,bandar
urge,menggesa
us,kami
use,gunakan
used,digunakan
useful,berguna
user,pengguna
usual,biasa
usually,biasanya
utility,Utiliti
vacation,percutian
valley,lembah
valuable,berharga
value,nilai
variable,pembolehubah
variation,Variasi
variety,pelbagai
various,pelbagai
vary,bervariasi
vast,luas
vegetable,sayuran
vehicle,kenderaan
venture,usaha
version,versi
versus,lawan
very,Sangat
vessel,kapal
veteran,veteran
via,melalui
victim,mangsa
victory,kemenangan
video,video.
view,pandangan
viewer,penonton
village,kampung
violate,melanggar
violation,pelanggaran
violence,keganasan
virtually,Hampir
virtue,kebajikan
visible,boleh dilihat.
vision,wawasan
visit,melawat
visitor,pelawat
visual,visual
vital,Vital.
voice,Suara
volume,jumlah
volunteer,Sukarelawan
vote,undi
voter,pengundi
vs,vs.
vulnerable,terdedah
wage,upah
wait,tunggu
wake,bangun
walk,Jalan
wall,dinding
wander,bersiar-siar
want,mahu
war,peperangan
warm,hangat
warn,memberi amaran
warning,Amaran
wash,Basuh
waste,membazir
watch,menonton
water,air
wave,gelombang
way,cara
we,kita
weak,lemah
wealth,kekayaan
wealthy,kaya
weapon,senjata
wear,memakai
weather,cuaca
wedding,perkahwinan
week,minggu
weekend,hujung minggu
weekly,setiap minggu
weigh,berat badan
weight,Berat
welcome,Selamat datang
welfare,kebajikan
well,baik
west,barat
western,Barat
wet,basah
what,apa
whatever,apa-apa sahajalah
wheel,roda
when,bila
whenever,bila-bila masa
where,di mana sahaja
whereas,Manakala
whether,sama ada
which,yang
while,sementara
whisper,berbisik
white,putih
who,who
whole,keseluruhan
whom,siapa
whose,yang
why,Kenapa
wide,luas
widely,meluas
widespread,meluas
wife,isteri
wild,liar
will,akan
willing,sanggup
win,menang
wind,angin
window,tingkap
wine,wain.
wing,Wing.
winner,pemenang
winter,musim sejuk
wipe,wipe.
wire,wayar
wisdom,WISDOM
wise,bijak
wish,ingin
with,dengan
withdraw,menarik balik
within,dalam
without,tanpa
witness,saksi
woman,wanita
wonder,keajaiban
wonderful,indah
wood,kayu
wooden,kayu
word,perkataan
work,kerja
worker,pekerja
working,bekerja
works,kerja-kerja
workshop,bengkel
world,dunia
worried,bimbang
worry,bimbang
worth,bernilai
would,akan
wrap,bungkus
write,tulis
writer,penulis
writing,menulis
wrong,salah
yard,Yard.
yeah,Yeah
year,tahun
yell,berteriak
yellow,kuning
yes,Ya
yesterday,semalam
yet,Namun
yield,hasil
you,anda
young,muda
your,anda
yours,anda
yourself,diri sendiri
youth,belia
zone,Kawasan
